Buchungsdatum,Werk,Kostenstelle,Materialgruppe,Materialbeschreibung,Menge,Einheit,Waehrung,Betrag,Lieferant,Belegnummer
12.01.2025,PLT-MUM-01,CC1001,FUEL,Diesel Fuel Bulk,500,L,INR,44500,IndianOil,490001245
13/01/2025,PLT-MUM-01,CC1001,FUEL,Diesel Fuel Bulk,120,GAL,INR,39000,BPCL,490001246
2025-01-14,PLT-BLR-02,CC2201,PROC,Steel Coils,2500,KG,USD,5200,Tata Steel,490001247
15.01.2025,PLT-BLR-02,CC2201,FUEL,PETROL,300,liters,INR,28700,Shell India,490001248
16-01-2025,UNK-PLANT,CC9999,FUEL,Diesel,1000,LTR,INR,82000,IndianOil,490001249
17.01.2025,PLT-DEL-03,CC3100,PROC,Cement Bags,200,BAG,INR,64000,UltraTech,490001250
18/01/2025,PLT-MUM-01,CC1001,FUEL,Compressed Natural Gas,750,Nm3,INR,35500,MGL,490001251
19.01.2025,PLT-BLR-02,CC2201,FUEL,Diesel Fuel Bulk,-100,L,INR,-8200,BPCL,490001252
20.01.2025,PLT-DEL-03,CC3100,PROC,Office Chairs,15,EA,INR,45000,IKEA,490001253
